timestamp,raw_value,attention,label
1646086352.820103,26,30,1
1646086352.821273,28,30,1
1646086352.8227,28,30,1
1646086352.823947,28,30,1
1646086352.82963,26,30,1
1646086352.829702,27,30,1
1646086352.829768,35,30,1
1646086352.829962,36,30,1
1646086352.830039,35,30,1
1646086352.830105,33,30,1
1646086352.8301692,29,30,1
1646086352.8302321,28,30,1
1646086352.830296,22,30,1
1646086352.8303602,16,30,1
1646086352.830423,11,30,1
1646086352.830486,12,30,1
1646086352.830549,16,30,1
1646086352.830613,16,30,1
1646086352.830676,11,30,1
1646086352.830739,1,30,1
1646086352.830803,-7,30,1
1646086352.830867,-7,30,1
1646086352.830931,-3,30,1
1646086352.830994,3,30,1
1646086352.831058,0,30,1
1646086352.831272,-6,30,1
1646086352.83135,-8,30,1
1646086352.8314161,-7,30,1
1646086352.831481,-4,30,1
1646086352.831545,-2,30,1
1646086352.831609,1,30,1
1646086352.8316731,-3,30,1
1646086352.831737,-9,30,1
1646086352.83182,-11,30,1
1646086352.8318841,-12,30,1
1646086352.831948,-7,30,1
1646086352.832012,-4,30,1
1646086352.832076,-7,30,1
1646086352.8327281,-10,30,1
1646086352.83394,-10,30,1
1646086352.835068,-9,30,1
1646086352.8377202,-10,30,1
1646086352.838937,-14,30,1
1646086352.840087,-20,30,1
1646086352.841412,-12,30,1
1646086352.8424819,-1,30,1
1646086352.8439648,4,30,1
1646086352.8464751,4,30,1
1646086352.8490171,5,30,1
1646086352.850228,7,30,1
1646086352.852725,9,30,1
1646086352.854024,11,30,1
1646086352.856454,16,30,1
1646086352.8577049,16,30,1
1646086352.8602319,7,30,1
1646086352.861505,0,30,1
1646086352.864034,-3,30,1
1646086352.8663738,-2,30,1
1646086352.867732,1,30,1
1646086352.8702452,4,30,1
1646086352.8714318,4,30,1
1646086352.874028,5,30,1
1646086352.876488,4,30,1
1646086352.877702,2,30,1
1646086352.8802528,3,30,1
1646086352.8814878,8,30,1
1646086352.884063,11,30,1
1646086352.8851871,9,30,1
1646086352.887736,11,30,1
1646086352.889033,20,30,1
1646086352.891381,25,30,1
1646086352.8925152,27,30,1
1646086352.8952909,21,30,1
1646086352.8977122,9,30,1
1646086352.899165,10,30,1
1646086352.9014962,19,30,1
1646086352.902755,22,30,1
1646086352.9052212,20,30,1
1646086352.9077199,12,30,1
1646086352.909086,9,30,1
1646086352.910188,5,30,1
1646086352.91403,3,30,1
1646086352.915251,3,30,1
1646086352.916519,2,30,1
1646086352.919056,-5,30,1
1646086352.92022,-11,30,1
1646086352.922765,-8,30,1
1646086352.9239502,1,30,1
1646086352.9264371,7,30,1
1646086352.9579022,4,30,1
1646086352.9590259,-5,30,1
1646086352.96019,-10,30,1
1646086352.9627578,-12,30,1
1646086352.966063,-12,30,1
1646086352.966135,-10,30,1
1646086352.966201,-11,30,1
1646086352.9662652,-14,30,1
1646086352.966329,-21,30,1
1646086352.966393,-26,30,1
1646086352.9664571,-24,30,1
1646086352.9665222,-27,30,1
1646086352.9665852,-42,30,1
1646086352.96665,-53,30,1
1646086352.9667141,-56,30,1
1646086352.966777,-65,30,1
1646086352.966841,-71,30,1
1646086352.966905,-86,30,1
1646086352.967746,-104,30,1
1646086352.969053,-113,30,1
1646086352.970196,-118,30,1
1646086352.971509,-133,30,1
1646086352.972773,-139,30,1
1646086352.97509,-131,30,1
1646086352.976525,-126,30,1
1646086352.977727,-135,30,1
1646086352.979033,-134,30,1
1646086352.981479,-104,30,1
1646086352.982728,-60,30,1
1646086352.985224,-50,30,1
1646086352.986486,-53,30,1
1646086352.9889972,-35,30,1
1646086352.991511,-19,30,1
1646086352.9927418,-27,30,1
1646086352.995223,-39,30,1
1646086352.9965482,-38,30,1
1646086352.9990232,-27,30,1
1646086353.00017,-19,30,1
1646086353.0027468,-4,30,1
1646086353.0052328,24,30,1
1646086353.006488,45,30,1
1646086353.009006,44,30,1
1646086353.0100439,26,30,1
1646086353.012794,20,30,1
1646086353.013999,50,30,1
1646086353.016491,73,30,1
1646086353.018979,81,30,1
1646086353.020226,84,30,1
1646086353.022729,84,30,1
1646086353.025263,80,30,1
1646086353.0263429,81,30,1
1646086353.0278022,93,30,1
1646086353.0302489,106,30,1
1646086353.03155,99,30,1
1646086353.034009,73,30,1
1646086353.0365398,48,30,1
1646086353.037807,32,30,1
1646086353.0402079,39,30,1
1646086353.041545,65,30,1
1646086353.044034,76,30,1
1646086353.045265,73,30,1
1646086353.047746,56,30,1
1646086353.050248,34,30,1
1646086353.0515358,23,30,1
1646086353.053898,19,30,1
1646086353.055276,5,30,1
1646086353.112918,-13,30,1
1646086353.1141372,-10,30,1
1646086353.115211,5,30,1
1646086353.117697,18,30,1
1646086353.1231139,28,30,1
1646086353.123189,28,30,1
1646086353.123255,22,30,1
1646086353.123321,23,30,1
1646086353.1233861,39,30,1
1646086353.123449,49,30,1
1646086353.123513,44,30,1
1646086353.123577,41,30,1
1646086353.123641,43,30,1
1646086353.123805,57,30,1
1646086353.123871,74,30,1
1646086353.123935,76,30,1
1646086353.123998,68,30,1
1646086353.124062,60,30,1
1646086353.124136,72,30,1
1646086353.1241999,93,30,1
1646086353.1242628,100,30,1
1646086353.124327,98,30,1
1646086353.1243908,87,30,1
1646086353.1244538,87,30,1
1646086353.124518,90,30,1
1646086353.1245818,88,30,1
1646086353.124646,86,30,1
1646086353.1247098,91,30,1
1646086353.124773,103,30,1
1646086353.124925,112,30,1
1646086353.12499,108,30,1
1646086353.125054,100,30,1
1646086353.1251168,92,30,1
1646086353.125181,99,30,1
1646086353.126521,105,30,1
1646086353.1278348,101,30,1
1646086353.129034,92,30,1
1646086353.130222,85,30,1
1646086353.131524,84,30,1
1646086353.134028,92,30,1
1646086353.136535,96,30,1
1646086353.137727,97,30,1
1646086353.139019,88,30,1
1646086353.141512,73,30,1
1646086353.144018,73,30,1
1646086353.145212,69,30,1
1646086353.147702,56,30,1
1646086353.14902,58,30,1
1646086353.151553,81,30,1
1646086353.152787,90,30,1
1646086353.155242,87,30,1
1646086353.157697,81,30,1
1646086353.1590242,77,30,1
1646086353.161479,74,30,1
1646086353.1627781,76,30,1
1646086353.1652448,80,30,1
1646086353.166543,70,30,1
1646086353.169067,60,30,1
1646086353.17025,59,30,1
1646086353.172775,57,30,1
1646086353.175284,56,30,1
1646086353.17647,64,30,1
1646086353.179034,68,30,1
1646086353.1802409,68,30,1
1646086353.182784,65,30,1
1646086353.184022,58,30,1
1646086353.18652,58,30,1
1646086353.189035,65,30,1
1646086353.190248,70,30,1
1646086353.19272,69,30,1
1646086353.19402,60,30,1
1646086353.196497,56,30,1
1646086353.1977699,52,30,1
1646086353.2002099,50,30,1
1646086353.201694,44,30,1
1646086353.2040472,45,30,1
1646086353.20652,51,30,1
1646086353.2077708,53,30,1
1646086353.210204,51,30,1
1646086353.211512,51,30,1
1646086353.2140338,51,30,1
1646086353.215234,48,30,1
1646086353.21774,39,30,1
1646086353.220153,32,30,1
1646086353.221478,28,30,1
1646086353.2227561,26,30,1
1646086353.225259,20,30,1
1646086353.22777,21,30,1
1646086353.229023,28,30,1
1646086353.231491,34,30,1
1646086353.2327628,35,30,1
1646086353.2352488,38,30,1
1646086353.237822,40,30,1
1646086353.2389429,39,30,1
1646086353.241515,41,30,1
1646086353.242736,37,30,1
1646086353.245232,25,30,1
1646086353.246509,17,30,1
1646086353.249037,21,30,1
1646086353.251512,25,30,1
1646086353.252815,19,30,1
1646086353.254004,8,30,1
1646086353.256518,10,30,1
1646086353.2590752,18,30,1
1646086353.260212,19,30,1
1646086353.262749,18,30,1
1646086353.264025,19,30,1
1646086353.266477,17,30,1
1646086353.269004,9,30,1
1646086353.270249,6,30,1
1646086353.272773,5,30,1
1646086353.274035,8,30,1
1646086353.276455,12,30,1
1646086353.277792,17,30,1
1646086353.28021,19,30,1
1646086353.282766,17,30,1
1646086353.2840729,4,30,1
1646086353.285214,-4,30,1
1646086353.287771,2,30,1
1646086353.2902489,12,30,1
1646086353.291542,19,30,1
1646086353.293925,22,30,1
1646086353.29921,13,30,1
1646086353.3002481,6,30,1
1646086353.3015082,0,30,1
1646086353.302745,-9,30,1
1646086353.304141,-13,30,1
1646086353.3065221,-6,30,1
1646086353.307771,6,30,1
1646086353.309025,7,30,1
1646086353.311467,0,30,1
1646086353.3140311,9,30,1
1646086353.315246,27,30,1
1646086353.316538,37,30,1
1646086353.3190012,35,30,1
1646086353.3214982,34,30,1
1646086353.3228319,34,30,1
1646086353.325248,23,30,1
1646086353.326561,18,30,1
1646086353.329001,19,30,1
1646086353.331506,23,30,1
1646086353.332771,33,30,1
1646086353.335233,42,30,1
1646086353.336514,37,30,1
1646086353.339073,34,30,1
1646086353.340231,36,30,1
1646086353.3427498,28,30,1
1646086353.345245,11,30,1
1646086353.346525,-3,30,1
1646086353.34774,-3,30,1
1646086353.350239,7,30,1
1646086353.352811,16,30,1
1646086353.354035,16,30,1
1646086353.35648,18,30,1
1646086353.35774,27,30,1
1646086353.410358,23,30,1
1646086353.4114811,11,30,1
1646086353.412765,16,30,1
1646086353.4140742,28,30,1
1646086353.418768,42,30,1
1646086353.4188411,40,30,1
1646086353.418907,34,30,1
1646086353.4189708,27,30,1
1646086353.419055,28,30,1
1646086353.4191191,37,30,1
1646086353.419183,41,30,1
1646086353.4192472,37,30,1
1646086353.41931,27,30,1
1646086353.419374,20,30,1
1646086353.4194381,17,30,1
1646086353.419502,17,30,1
1646086353.419565,17,30,1
1646086353.419629,9,30,1
1646086353.419693,1,30,1
1646086353.419756,1,30,1
1646086353.419879,6,30,1
1646086353.4199638,6,30,1
1646086353.420028,3,30,1
1646086353.420091,1,30,1
1646086353.420154,10,30,1
1646086353.420216,18,30,1
1646086353.420279,21,30,1
1646086353.420342,22,30,1
1646086353.420405,19,30,1
1646086353.421551,13,30,1
1646086353.422715,6,30,1
1646086353.424028,3,30,1
1646086353.4253042,5,30,1
1646086353.427798,9,30,1
1646086353.4289322,23,30,1
1646086353.43008,32,30,1
1646086353.431469,32,30,1
1646086353.434043,37,30,1
1646086353.4352472,41,30,1
1646086353.436513,40,30,1
1646086353.43777,38,30,1
1646086353.440258,40,30,1
1646086353.442755,38,30,1
1646086353.444001,36,30,1
1646086353.4465868,38,30,1
1646086353.4477398,40,30,1
1646086353.450252,39,30,1
1646086353.451515,36,30,1
1646086353.454037,28,30,1
1646086353.456501,24,30,1
1646086353.4590101,24,30,1
1646086353.460211,27,30,1
1646086353.46155,23,30,1
1646086353.464014,19,30,1
1646086353.466444,17,30,1
1646086353.467773,5,30,1
1646086353.468958,1,30,1
1646086353.471582,4,30,1
1646086353.474037,4,30,1
1646086353.4752,8,30,1
1646086353.478975,7,30,1
1646086353.480234,5,30,1
1646086353.481508,4,30,1
1646086353.482717,7,30,1
1646086353.485205,4,30,1
1646086353.487775,-9,30,1
1646086353.48897,-26,30,1
1646086353.491481,-38,30,1
1646086353.4927769,-45,30,1
1646086353.495188,-43,30,1
1646086353.496516,-40,30,1
1646086353.498951,-44,30,1
1646086353.5015109,-52,30,1
1646086353.502889,-51,30,1
1646086353.505245,-44,30,1
1646086353.5064378,-39,30,1
1646086353.509026,-38,30,1
1646086353.510253,-36,30,1
1646086353.5128078,-29,30,1
1646086353.513951,-34,30,1
1646086353.516572,-40,30,1
1646086353.5177379,-44,30,1
1646086353.520323,-43,30,1
1646086353.522743,-41,30,1
1646086353.524006,-38,30,1
1646086353.526518,-37,30,1
1646086353.5277739,-28,30,1
1646086353.5302532,-24,30,1
1646086353.532717,-25,30,1
1646086353.534092,-24,30,1
1646086353.535274,-24,30,1
1646086353.537754,-24,30,1
1646086353.540287,-21,30,1
1646086353.541501,-14,30,1
1646086353.544097,-18,30,1
1646086353.5451038,-26,30,1
1646086353.5478091,-27,30,1
1646086353.550266,-14,30,1
1646086353.5514822,-6,30,1
1646086353.5539699,-6,30,1
1646086353.555327,-11,30,1
1646086353.557745,-7,30,1
1646086353.558972,8,30,1
1646086353.561516,16,30,1
1646086353.5640051,19,30,1
1646086353.565281,22,30,1
1646086353.5665238,22,30,1
1646086353.594144,27,30,1
1646086353.595235,41,30,1
1646086353.59651,57,30,1
1646086353.597706,67,30,1
1646086353.5989618,65,30,1
1646086353.602303,55,30,1
1646086353.602376,50,30,1
1646086353.602441,51,30,1
1646086353.602505,50,30,1
1646086353.6025689,45,30,1
1646086353.602632,44,30,1
1646086353.602696,48,30,1
1646086353.602759,49,30,1
1646086353.602823,43,30,1
1646086353.602887,36,30,1
1646086353.6029499,28,30,1
1646086353.603961,24,30,1
1646086353.6052532,20,30,1
1646086353.6089652,9,30,1
1646086353.6102898,7,30,1
1646086353.6115148,12,30,1
1646086353.61271,21,30,1
1646086353.613968,21,30,1
1646086353.615248,17,30,1
1646086353.616516,10,30,1
1646086353.617708,8,30,1
1646086353.6203148,5,30,1
1646086353.622738,6,30,1
1646086353.62396,9,30,1
1646086353.62529,3,30,1
1646086353.628947,-8,30,1
1646086353.6302562,-12,30,1
1646086353.631569,-10,30,1
1646086353.6339378,1,30,1
1646086353.635242,16,30,1
1646086353.637743,24,30,1
1646086353.6390169,34,30,1
1646086353.64146,36,30,1
1646086353.645248,42,30,1
1646086353.646523,41,30,1
1646086353.647757,34,30,1
1646086353.649015,39,30,1
1646086353.651409,44,30,1
1646086353.652847,39,30,1
1646086353.6552489,45,30,1
1646086353.656544,81,30,1
1646086353.712919,118,30,1
1646086353.713973,135,30,1
1646086353.7177138,132,30,1
1646086353.7211561,132,30,1
1646086353.7212439,138,30,1
1646086353.72131,141,30,1
1646086353.721375,135,30,1
1646086353.72144,123,30,1
1646086353.721504,117,30,1
1646086353.721568,109,30,1
1646086353.721631,102,30,1
1646086353.721695,99,30,1
1646086353.721759,102,30,1
1646086353.721822,106,30,1
1646086353.721886,106,30,1
1646086353.7219489,106,30,1
1646086353.722013,108,30,1
1646086353.722076,105,30,1
1646086353.7221398,98,30,1
1646086353.7222028,91,30,1
1646086353.722267,86,30,1
1646086353.7224152,75,30,1
1646086353.722485,58,30,1
1646086353.722549,48,30,1
1646086353.722612,38,30,1
1646086353.7226748,23,30,1
1646086353.722738,7,30,1
1646086353.722801,0,30,1
1646086353.7228642,5,30,1
1646086353.722927,10,30,1
1646086353.72299,18,30,1
1646086353.72397,20,30,1
1646086353.725249,26,30,1
1646086353.726526,28,30,1
1646086353.727707,27,30,1
1646086353.73027,28,30,1
1646086353.731586,27,30,1
1646086353.732818,32,30,1
1646086353.7339468,39,30,1
1646086353.735251,40,30,1
1646086353.7365131,37,30,1
1646086353.740221,35,30,1
1646086353.741486,34,30,1
1646086353.742744,37,30,1
1646086353.745261,40,30,1
1646086353.746527,40,30,1
1646086353.748961,40,30,1
1646086353.757757,43,13,1
1646086353.758977,50,13,1
1646086353.7602181,52,13,1
1646086353.76158,53,13,1
1646086353.762718,50,13,1
1646086353.763972,48,13,1
1646086353.767798,50,13,1
1646086353.76894,54,13,1
1646086353.770258,55,13,1
1646086353.771598,48,13,1
1646086353.7727091,34,13,1
1646086353.775231,34,13,1
1646086353.776531,43,13,1
1646086353.7777438,44,13,1
1646086353.778945,34,13,1
1646086353.780289,16,13,1
1646086353.7815192,2,13,1
1646086353.7839732,-7,13,1
1646086353.7864928,-19,13,1
1646086353.7877362,-30,13,1
1646086353.7902951,-38,13,1
1646086353.7914839,-38,13,1
1646086353.7939441,-42,13,1
1646086353.79525,-52,13,1
1646086353.797761,-60,13,1
1646086353.800224,-65,13,1
1646086353.8015192,-61,13,1
1646086353.8039339,-66,13,1
1646086353.805273,-74,13,1
1646086353.80772,-89,13,1
1646086353.8090172,-108,13,1
1646086353.811497,-133,13,1
1646086353.8127491,-154,13,1
1646086353.8152509,-173,13,1
1646086353.817749,-203,13,1
1646086353.818945,-246,13,1
1646086353.821536,-298,13,1
1646086353.8227599,-359,13,1
1646086353.825239,-428,13,1
1646086353.82775,-485,13,1
1646086353.828973,-514,13,1
1646086353.8302112,-552,13,1
1646086353.832747,-612,13,1
1646086353.835232,-675,13,1
1646086353.8365161,-717,13,1
1646086353.841519,-724,13,1
1646086353.842763,-701,13,1
1646086353.843942,-669,13,1
1646086353.846514,-645,13,1
1646086353.847685,-610,13,1
1646086353.8489301,-555,13,1
1646086353.850253,-504,13,1
1646086353.852774,-461,13,1
1646086353.855218,-426,13,1
1646086353.856489,-401,13,1
1646086353.8577652,-387,13,1
1646086353.8602529,-362,13,1
1646086353.861494,-326,13,1
1646086353.863976,-275,13,1
1646086353.866494,-232,13,1
1646086353.867734,-202,13,1
1646086353.870223,-186,13,1
1646086353.871516,-187,13,1
1646086353.873965,-185,13,1
1646086353.875259,-180,13,1
1646086353.877713,-173,13,1
1646086353.8802402,-168,13,1
1646086353.881519,-172,13,1
1646086353.8839629,-173,13,1
1646086353.886467,-173,13,1
1646086353.887747,-169,13,1
1646086353.888973,-151,13,1
1646086353.8915179,-125,13,1
1646086353.89391,-121,13,1
1646086353.895249,-135,13,1
1646086353.896574,-147,13,1
1646086353.898945,-150,13,1
1646086353.901519,-148,13,1
1646086353.902774,-148,13,1
1646086353.905254,-151,13,1
1646086353.906465,-149,13,1
1646086353.9089742,-156,13,1
1646086353.911587,-163,13,1
1646086353.9127328,-163,13,1
1646086353.9152231,-173,13,1
1646086353.916522,-198,13,1
1646086353.9189792,-236,13,1
1646086353.920248,-277,13,1
1646086353.922724,-291,13,1
1646086353.9239612,-292,13,1
1646086353.926538,-300,13,1
1646086353.928962,-301,13,1
1646086353.930225,-286,13,1
1646086353.932748,-266,13,1
1646086353.933965,-249,13,1
1646086353.936414,-227,13,1
1646086353.93773,-169,13,1
1646086353.940253,-94,13,1
1646086353.942709,-41,13,1
1646086353.943972,-9,13,1
1646086353.946531,16,13,1
1646086353.947722,51,13,1
1646086353.9501162,89,13,1
1646086353.951518,131,13,1
1646086353.954008,157,13,1
1646086353.956506,162,13,1
1646086353.9577448,169,13,1
1646086354.001694,184,13,1
1646086354.002795,187,13,1
1646086354.0039392,178,13,1
1646086354.005259,171,13,1
1646086354.008555,169,13,1
1646086354.008628,171,13,1
1646086354.008693,172,13,1
1646086354.008758,170,13,1
1646086354.008822,157,13,1
1646086354.008886,139,13,1
1646086354.00895,144,13,1
1646086354.0090141,154,13,1
1646086354.009078,151,13,1
1646086354.009141,129,13,1
1646086354.009205,99,13,1
1646086354.009269,86,13,1
1646086354.009333,80,13,1
1646086354.009397,59,13,1
1646086354.00946,25,13,1
1646086354.009525,-2,13,1
1646086354.009588,-24,13,1
1646086354.009652,-56,13,1
1646086354.009716,-113,13,1
1646086354.00978,-120,13,1
1646086354.009987,-73,13,1
1646086354.011521,-41,13,1
1646086354.012783,-55,13,1
1646086354.013945,-85,13,1
1646086354.0152571,-83,13,1
1646086354.017788,-46,13,1
1646086354.018944,-25,13,1
1646086354.020308,-26,13,1
1646086354.025307,-35,13,1
1646086354.0264618,-36,13,1
1646086354.027735,-9,13,1
1646086354.030226,8,13,1
1646086354.031519,13,13,1
1646086354.032715,24,13,1
1646086354.033974,28,13,1
1646086354.035249,25,13,1
1646086354.037806,27,13,1
1646086354.040287,37,13,1
1646086354.04152,39,13,1
1646086354.043971,29,13,1
1646086354.04527,23,13,1
1646086354.0477362,26,13,1
1646086354.050199,35,13,1
1646086354.0515368,42,13,1
1646086354.053938,37,13,1
1646086354.055253,8,13,1
1646086354.0579321,-9,13,1
1646086354.058989,-12,13,1
1646086354.0615208,-14,13,1
1646086354.0627542,-22,13,1
1646086354.065185,1,13,1
1646086354.067787,20,13,1
1646086354.068945,27,13,1
1646086354.07149,29,13,1
1646086354.072757,39,13,1
1646086354.075223,52,13,1
1646086354.0764852,65,13,1
1646086354.0789802,75,13,1
1646086354.081599,98,13,1
1646086354.08272,115,13,1
1646086354.085217,122,13,1
1646086354.086539,132,13,1
1646086354.089101,164,13,1
1646086354.090228,205,13,1
1646086354.092735,226,13,1
1646086354.09518,236,13,1
1646086354.0965161,263,13,1
1646086354.0989811,291,13,1
1646086354.1002219,299,13,1
1646086354.1027231,299,13,1
1646086354.103977,304,13,1
1646086354.106554,324,13,1
1646086354.10895,345,13,1
1646086354.1102662,354,13,1
1646086354.111495,349,13,1
1646086354.113984,360,13,1
1646086354.116522,379,13,1
1646086354.117735,389,13,1
1646086354.120256,388,13,1
1646086354.121521,381,13,1
1646086354.123915,374,13,1
1646086354.125219,365,13,1
1646086354.127796,360,13,1
1646086354.130253,349,13,1
1646086354.131489,340,13,1
1646086354.133914,328,13,1
1646086354.135224,320,13,1
1646086354.137737,316,13,1
1646086354.138946,315,13,1
1646086354.1427772,312,13,1
1646086354.1439612,309,13,1
1646086354.145191,306,13,1
1646086354.147748,296,13,1
1646086354.1502469,280,13,1
1646086354.151521,263,13,1
1646086354.152608,245,13,1
1646086354.155266,228,13,1
1646086354.156489,213,13,1
1646086354.158977,195,13,1
1646086354.1602418,177,13,1
1646086354.162762,160,13,1
1646086354.165189,138,13,1
1646086354.166507,114,13,1
1646086354.1689742,83,13,1
1646086354.17025,57,13,1
1646086354.1727512,44,13,1
1646086354.1739662,22,13,1
1646086354.176501,-10,13,1
1646086354.178957,-43,13,1
1646086354.180192,-62,13,1
1646086354.182762,-68,13,1
1646086354.183969,-84,13,1
1646086354.1865,-108,13,1
1646086354.187732,-123,13,1
1646086354.1902301,-115,13,1
1646086354.192791,-92,13,1
1646086354.1939452,-81,13,1
1646086354.1964989,-77,13,1
1646086354.197748,-74,13,1
1646086354.200223,-58,13,1
1646086354.20148,-36,13,1
1646086354.204032,-9,13,1
1646086354.206485,7,13,1
1646086354.236564,13,13,1
1646086354.2377799,26,13,1
1646086354.240222,43,13,1
1646086354.243366,54,13,1
1646086354.2434402,60,13,1
1646086354.243506,68,13,1
1646086354.2435699,84,13,1
1646086354.243634,104,13,1
1646086354.243698,122,13,1
1646086354.2437608,144,13,1
1646086354.243825,163,13,1
1646086354.2438881,172,13,1
1646086354.243952,186,13,1
1646086354.2440152,201,13,1
1646086354.244079,212,13,1
1646086354.244142,216,13,1
1646086354.2442062,225,13,1
1646086354.245218,234,13,1
1646086354.246468,234,13,1
1646086354.2489758,229,13,1
1646086354.2502,221,13,1
1646086354.250272,213,13,1
1646086354.2515268,203,13,1
1646086354.252797,203,13,1
1646086354.255163,200,13,1
1646086354.256475,200,13,1
1646086354.309261,201,13,1
1646086354.310229,200,13,1
1646086354.311491,198,13,1
1646086354.312702,196,13,1
1646086354.313974,192,13,1
1646086354.318796,188,13,1
1646086354.3188689,184,13,1
1646086354.318934,177,13,1
1646086354.318998,166,13,1
1646086354.319061,166,13,1
1646086354.319124,172,13,1
1646086354.3191879,181,13,1
1646086354.319251,180,13,1
1646086354.319314,168,13,1
1646086354.319377,160,13,1
1646086354.31944,164,13,1
1646086354.319503,177,13,1
1646086354.319566,184,13,1
1646086354.319628,184,13,1
1646086354.3197079,182,13,1
1646086354.319772,176,13,1
1646086354.319946,171,13,1
1646086354.3200178,171,13,1
1646086354.3200839,180,13,1
1646086354.320149,187,13,1
1646086354.320213,196,13,1
1646086354.320276,197,13,1
1646086354.32034,193,13,1
1646086354.320404,194,13,1
1646086354.320467,199,13,1
1646086354.321532,198,13,1
1646086354.322756,193,13,1
1646086354.323966,188,13,1
1646086354.325193,185,13,1
1646086354.327753,181,13,1
1646086354.3290398,178,13,1
1646086354.33023,172,13,1
1646086354.3314738,169,13,1
1646086354.333979,171,13,1
1646086354.335223,173,13,1
1646086354.336491,171,13,1
1646086354.338968,169,13,1
1646086354.340223,164,13,1
1646086354.342713,160,13,1
1646086354.343978,160,13,1
1646086354.3464892,160,13,1
1646086354.348958,160,13,1
1646086354.3501928,154,13,1
1646086354.35279,148,13,1
1646086354.353941,145,13,1
1646086354.35649,146,13,1
1646086354.3576472,146,13,1
1646086354.360096,140,13,1
1646086354.3627782,138,13,1
1646086354.363868,136,13,1
1646086354.3663611,134,13,1
1646086354.367611,130,13,1
1646086354.370131,124,13,1
1646086354.3714151,128,13,1
1646086354.3738308,132,13,1
1646086354.375159,129,13,1
1646086354.377641,117,13,1
1646086354.380162,112,13,1
1646086354.381382,115,13,1
1646086354.383903,115,13,1
1646086354.3852,114,13,1
1646086354.387696,112,13,1
1646086354.390151,112,13,1
1646086354.391381,115,13,1
1646086354.395159,114,13,1
1646086354.396418,109,13,1
1646086354.397674,108,13,1
1646086354.398901,109,13,1
1646086354.4014158,107,13,1
1646086354.402653,98,13,1
1646086354.405161,87,13,1
1646086354.4064581,81,13,1
1646086354.408993,76,13,1
1646086354.410133,75,13,1
1646086354.4127092,76,13,1
1646086354.4151611,80,13,1
1646086354.416415,82,13,1
1646086354.418877,83,13,1
1646086354.421466,76,13,1
1646086354.4226172,74,13,1
1646086354.423933,76,13,1
1646086354.4263942,80,13,1
1646086354.4288661,77,13,1
1646086354.430131,77,13,1
1646086354.432676,82,13,1
1646086354.4339352,83,13,1
1646086354.436416,75,13,1
1646086354.437644,72,13,1
1646086354.440159,72,13,1
1646086354.442654,72,13,1
1646086354.4439318,72,13,1
1646086354.4464698,73,13,1
1646086354.447681,74,13,1
1646086354.450203,76,13,1
1646086354.451382,73,13,1
1646086354.4539351,68,13,1
1646086354.455182,65,13,1
1646086354.4577339,60,13,1
1646086354.460078,59,13,1
1646086354.461474,61,13,1
1646086354.463966,65,13,1
1646086354.4652631,61,13,1
1646086354.467765,61,13,1
1646086354.468841,61,13,1
1646086354.471493,64,13,1
1646086354.474005,67,13,1
1646086354.475191,71,13,1
1646086354.47774,70,13,1
1646086354.478915,68,13,1
1646086354.481482,65,13,1
1646086354.48267,65,13,1
1646086354.48524,65,13,1
1646086354.487753,64,13,1
1646086354.48898,60,13,1
1646086354.4914858,58,13,1
1646086354.4927511,54,13,1
1646086354.495202,50,13,1
1646086354.4964921,49,13,1
1646086354.498977,49,13,1
1646086354.500183,50,13,1
1646086354.502752,51,13,1
1646086354.5051908,49,13,1
1646086354.5065,43,13,1
1646086354.509053,41,13,1
1646086354.510241,44,13,1
1646086354.5127418,49,13,1
1646086354.513983,49,13,1
1646086354.516611,44,13,1
1646086354.5188742,40,13,1
1646086354.520237,37,13,1
1646086354.5227299,36,13,1
1646086354.5239758,35,13,1
1646086354.526468,29,13,1
1646086354.527756,23,13,1
1646086354.53023,18,13,1
1646086354.531492,16,13,1
1646086354.533945,12,13,1
1646086354.5364952,7,13,1
1646086354.537827,7,13,1
1646086354.540224,10,13,1
1646086354.541493,16,13,1
1646086354.543979,19,13,1
1646086354.544994,23,13,1
1646086354.547749,23,13,1
1646086354.550231,23,13,1
1646086354.5514822,27,13,1
1646086354.554028,29,13,1
1646086354.555271,26,13,1
1646086354.600369,19,13,1
1646086354.601492,11,13,1
1646086354.602679,9,13,1
1646086354.605222,10,13,1
1646086354.608653,12,13,1
1646086354.608725,12,13,1
1646086354.608792,13,13,1
1646086354.6088572,19,13,1
1646086354.608922,18,13,1
1646086354.6089861,10,13,1
1646086354.609051,8,13,1
1646086354.609115,6,13,1
1646086354.6091788,5,13,1
1646086354.609243,6,13,1
1646086354.609306,9,13,1
1646086354.60937,10,13,1
1646086354.6094341,12,13,1
1646086354.609497,17,13,1
1646086354.6095612,19,13,1
1646086354.6096241,19,13,1
1646086354.609688,17,13,1
1646086354.6097522,16,13,1
1646086354.610034,18,13,1
1646086354.610107,23,13,1
1646086354.610174,33,13,1
1646086354.6102378,41,13,1
1646086354.611507,43,13,1
1646086354.612755,48,13,1
1646086354.6139488,49,13,1
1646086354.615226,49,13,1
1646086354.6165152,49,13,1
1646086354.617739,43,13,1
1646086354.620301,40,13,1
1646086354.622688,40,13,1
1646086354.623981,41,13,1
1646086354.6252108,43,13,1
1646086354.62773,50,13,1
1646086354.630234,57,13,1
1646086354.631488,60,13,1
1646086354.633966,58,13,1
1646086354.635235,51,13,1
1646086354.637752,42,13,1
1646086354.638929,43,13,1
1646086354.641459,50,13,1
1646086354.6439528,52,13,1
1646086354.645225,52,13,1
1646086354.6477509,54,13,1
1646086354.6489248,54,13,1
1646086354.651488,49,13,1
1646086354.652895,43,13,1
1646086354.6552262,42,13,1
1646086354.65648,41,13,1
1646086354.658893,39,13,1
1646086354.661479,40,13,1
1646086354.66273,41,13,1
1646086354.665201,41,13,1
1646086354.666483,41,13,1
1646086354.668923,44,13,1
1646086354.670233,51,13,1
1646086354.6727328,53,13,1
1646086354.673921,50,13,1
1646086354.69043,45,13,1
1646086354.69177,43,13,1
1646086354.6940448,40,13,1
1646086354.695286,41,13,1
1646086354.695359,40,13,1
1646086354.695426,36,13,1
1646086354.695491,33,13,1
1646086354.695555,29,13,1
1646086354.695619,34,13,1
1646086354.695683,34,13,1
1646086354.6962519,28,13,1
1646086354.700187,25,13,1
1646086354.701459,25,13,1
1646086354.7027159,26,13,1
1646086354.704004,33,13,1
1646086354.7063239,39,13,1
1646086354.707754,44,13,1
1646086354.710231,50,13,1
1646086354.712718,50,13,1
1646086354.7139049,41,13,1
1646086354.715193,28,13,1
1646086354.7178082,23,13,1
1646086354.718912,27,13,1
1646086354.721498,34,13,1
1646086354.723969,37,13,1
1646086354.725237,36,13,1
1646086354.727722,32,13,1
1646086354.728981,29,13,1
1646086354.73146,36,13,1
1646086354.7328598,42,13,1
1646086354.7352252,38,13,1
1646086354.7377422,32,13,1
1646086354.738944,29,13,1
1646086354.741457,33,13,1
1646086354.742717,33,13,1
1646086354.745229,28,13,1
1646086354.74649,24,13,1
1646086354.7488918,24,13,1
1646086354.757736,23,24,1
1646086354.762679,24,24,1
1646086354.763952,27,24,1
1646086354.765146,33,24,1
1646086354.766567,38,24,1
1646086354.766639,42,24,1
1646086354.766704,42,24,1
1646086354.767672,35,24,1
1646086354.768994,28,24,1
1646086354.770269,27,24,1
1646086354.7714481,26,24,1
1646086354.775239,19,24,1
1646086354.776511,17,24,1
1646086354.7777112,17,24,1
1646086354.7789152,16,24,1
1646086354.780224,13,24,1
1646086354.781495,21,24,1
1646086354.7838862,27,24,1
1646086354.7852092,26,24,1
1646086354.788922,22,24,0
1646086354.790229,22,24,0
1646086354.791455,20,24,0
1646086354.793935,17,24,0
1646086354.7952662,12,24,0
1646086354.79767,11,24,0
1646086354.798935,12,24,0
1646086354.802675,11,24,0
1646086354.803921,9,24,0
1646086354.805245,10,24,0
1646086354.80766,16,24,0
1646086354.808914,16,24,0
1646086354.811611,12,24,0
1646086354.8127081,5,24,0
1646086354.815229,-3,24,0
1646086354.818958,-4,24,0
1646086354.82027,-2,24,0
1646086354.8214521,-1,24,0
1646086354.823936,-2,24,0
1646086354.8252301,-4,24,0
1646086354.826483,-9,24,0
1646086354.828895,-5,24,0
1646086354.831536,9,24,0
1646086354.832683,17,24,0
1646086354.833913,11,24,0
1646086354.8377228,7,24,0
1646086354.8389142,12,24,0
1646086354.8402681,13,24,0
1646086354.842767,10,24,0
1646086354.843967,7,24,0
1646086354.846476,7,24,0
1646086354.913931,8,24,0
1646086354.915203,5,24,0
1646086354.922606,1,24,0
1646086354.923926,0,24,0
1646086354.925229,-4,24,0
1646086354.931904,-6,24,0
1646086354.931977,-8,24,0
1646086354.932043,-5,24,0
1646086354.932108,2,24,0
1646086354.932173,4,24,0
1646086354.9322371,-2,24,0
1646086354.932371,-6,24,0
1646086354.932459,-2,24,0
1646086354.932524,4,24,0
1646086354.932588,8,24,0
1646086354.932651,8,24,0
1646086354.932714,11,24,0
1646086354.932777,18,24,0
1646086354.9328399,20,24,0
1646086354.932904,24,24,0
1646086354.932967,38,24,0
1646086354.9330308,44,24,0
1646086354.9330938,45,24,0
1646086354.9331572,50,24,0
1646086354.933221,54,24,0
1646086354.933284,60,24,0
1646086354.933347,67,24,0
1646086354.93341,71,24,0
1646086354.933473,76,24,0
1646086354.9335501,82,24,0
1646086354.9337332,89,24,0
1646086354.933802,96,24,0
1646086354.933867,97,24,0
1646086354.933932,93,24,0
1646086354.9339972,92,24,0
1646086354.934061,90,24,0
1646086354.934125,90,24,0
1646086354.9341881,97,24,0
1646086354.934252,101,24,0
1646086354.934316,101,24,0
1646086354.934379,98,24,0
1646086354.934443,97,24,0
1646086354.935245,96,24,0
1646086354.936496,91,24,0
1646086354.937679,86,24,0
1646086354.937751,82,24,0
1646086354.941517,80,24,0
1646086354.942699,80,24,0
1646086354.9465148,76,24,0
1646086354.947671,71,24,0
1646086354.948929,65,24,0
1646086354.950231,60,24,0
1646086354.9527192,58,24,0
1646086354.953933,56,24,0
1646086354.955229,52,24,0
1646086354.956491,49,24,0
1646086354.957721,41,24,0
1646086354.958904,35,24,0
1646086354.961376,29,24,0
1646086354.963927,26,24,0
1646086354.965198,22,24,0
1646086354.967753,12,24,0
1646086354.968979,5,24,0
1646086354.971477,3,24,0
1646086354.973927,1,24,0
1646086354.9752262,-4,24,0
1646086354.977649,-6,24,0
1646086354.978922,-10,24,0
1646086354.981364,-14,24,0
1646086354.982698,-24,24,0
1646086354.985214,-29,24,0
1646086354.986521,-30,24,0
1646086354.9889212,-34,24,0
1646086354.9914129,-37,24,0
1646086354.992716,-36,24,0
1646086354.995281,-33,24,0
1646086354.99689,-29,24,0
1646086355.0117068,-27,24,0
1646086355.0128262,-26,24,0
1646086355.0139542,-27,24,0
1646086355.015241,-27,24,0
1646086355.016543,-29,24,0
1646086355.016626,-24,24,0
1646086355.0166929,-17,24,0
1646086355.016758,-13,24,0
1646086355.016822,-21,24,0
1646086355.017705,-28,24,0
1646086355.018993,-28,24,0
1646086355.020172,-22,24,0
1646086355.022751,-12,24,0
1646086355.0239282,-7,24,0
1646086355.026571,-14,24,0
1646086355.02769,-26,24,0
1646086355.030207,-29,24,0
1646086355.031533,-23,24,0
1646086355.035268,-12,24,0
1646086355.036465,-10,24,0
1646086355.0377269,-17,24,0
1646086355.040262,-23,24,0
1646086355.041499,-25,24,0
1646086355.043892,-21,24,0
1646086355.046531,-19,24,0
1646086355.047473,-12,24,0
1646086355.048929,-14,24,0
1646086355.051487,-25,24,0
1646086355.0539389,-26,24,0
1646086355.055201,-14,24,0
1646086355.057745,-6,24,0
1646086355.058989,-9,24,0
1646086355.0628102,-14,24,0
1646086355.063911,-12,24,0
1646086355.065231,-4,24,0
1646086355.066547,1,24,0
1646086355.068897,-2,24,0
1646086355.071497,-4,24,0
1646086355.072746,-2,24,0
1646086355.0753222,-2,24,0
1646086355.0765,-2,24,0
1646086355.07895,-4,24,0
1646086355.080211,-6,24,0
1646086355.0827389,-3,24,0
1646086355.085232,-1,24,0
1646086355.086508,0,24,0
1646086355.088898,10,24,0
1646086355.090205,17,24,0
1646086355.0926652,10,24,0
1646086355.093908,10,24,0
1646086355.096451,11,24,0
1646086355.097718,13,24,0
1646086355.100269,19,24,0
1646086355.1027331,20,24,0
1646086355.103887,13,24,0
1646086355.106574,7,24,0
1646086355.1077278,8,24,0
1646086355.110235,13,24,0
1646086355.11152,19,24,0
1646086355.113921,21,24,0
1646086355.116487,11,24,0
1646086355.11769,3,24,0
1646086355.120231,7,24,0
1646086355.121537,18,24,0
1646086355.123893,25,24,0
1646086355.1264682,24,24,0
1646086355.131466,17,24,0
1646086355.1327128,16,24,0
1646086355.135231,16,24,0
1646086355.1364532,16,24,0
1646086355.137708,19,24,0
1646086355.138921,22,24,0
1646086355.1414971,22,24,0
1646086355.14269,20,24,0
1646086355.143929,11,24,0
1646086355.14523,7,24,0
1646086355.147533,8,24,0
1646086355.150271,16,24,0
1646086355.151469,22,24,0
1646086355.1528141,21,24,0
1646086355.155214,17,24,0
1646086355.156426,8,24,0
1646086355.195294,7,24,0
1646086355.196464,9,24,0
1646086355.197709,13,24,0
1646086355.198949,20,24,0
1646086355.200196,24,24,0
1646086355.2034519,24,24,0
1646086355.203525,24,24,0
1646086355.2035909,22,24,0
1646086355.203657,19,24,0
1646086355.203722,18,24,0
1646086355.203786,21,24,0
1646086355.20385,22,24,0
1646086355.2039301,18,24,0
1646086355.203996,11,24,0
1646086355.204072,18,24,0
1646086355.204136,21,24,0
1646086355.2041988,18,24,0
1646086355.2042618,23,24,0
1646086355.204326,25,24,0
1646086355.204389,27,24,0
1646086355.2044532,28,24,0
1646086355.2045162,22,24,0
1646086355.205194,19,24,0
1646086355.206475,17,24,0
1646086355.2076879,25,24,0
1646086355.208926,36,24,0
1646086355.210281,39,24,0
1646086355.2127922,40,24,0
1646086355.213953,42,24,0
1646086355.215177,43,24,0
1646086355.217588,44,24,0
1646086355.2189171,40,24,0
1646086355.2215722,34,24,0
1646086355.2239318,36,24,0
1646086355.225201,40,24,0
1646086355.227693,36,24,0
1646086355.228926,26,24,0
1646086355.231485,20,24,0
1646086355.232713,21,24,0
1646086355.2351649,20,24,0
1646086355.237709,20,24,0
1646086355.238904,19,24,0
1646086355.241539,23,24,0
1646086355.242686,34,24,0
1646086355.245198,40,24,0
1646086355.246461,32,24,0
1646086355.248939,19,24,0
1646086355.250189,13,24,0
1646086355.2527292,17,24,0
1646086355.255279,24,24,0
1646086355.256487,23,24,0
1646086355.258945,22,24,0
1646086355.2602549,22,24,0
1646086355.262742,21,24,0
1646086355.263926,27,24,0
1646086355.266485,40,24,0
1646086355.268943,42,24,0
1646086355.2701728,34,24,0
1646086355.272798,21,24,0
1646086355.273891,23,24,0
1646086355.276504,40,24,0
1646086355.27773,49,24,0
1646086355.280118,48,24,0
1646086355.281624,40,24,0
1646086355.283989,32,24,0
1646086355.285098,34,24,0
1646086355.287681,40,24,0
1646086355.290195,43,24,0
1646086355.291477,45,24,0
1646086355.293924,44,24,0
1646086355.295166,42,24,0
1646086355.297666,41,24,0
1646086355.3001962,44,24,0
1646086355.301453,49,24,0
1646086355.302696,51,24,0
1646086355.3052,53,24,0
1646086355.307704,48,24,0
1646086355.3088078,36,24,0
1646086355.314053,26,24,0
1646086355.315212,25,24,0
1646086355.3164248,24,24,0
1646086355.3189309,20,24,0
1646086355.320255,12,24,0
1646086355.321515,10,24,0
1646086355.322648,21,24,0
1646086355.325233,39,24,0
1646086355.327732,48,24,0
1646086355.328945,44,24,0
1646086355.3302069,48,24,0
1646086355.332715,53,24,0
1646086355.335155,55,24,0
1646086355.3364742,56,24,0
1646086355.3389041,55,24,0
1646086355.340201,40,24,0
1646086355.34272,24,24,0
1646086355.343976,23,24,0
1646086355.346439,25,24,0
1646086355.348813,28,24,0
1646086355.35147,26,24,0
1646086355.352776,17,24,0
1646086355.353916,8,24,0
1646086355.356435,9,24,0
1646086355.358952,10,24,0
1646086355.360265,7,24,0
1646086355.361451,0,24,0
1646086355.363929,-9,24,0
1646086355.3662999,-11,24,0
1646086355.367732,-6,24,0
1646086355.370207,-7,24,0
1646086355.371437,-13,24,0
1646086355.373943,-17,24,0
1646086355.3752,-12,24,0
1646086355.377708,-13,24,0
1646086355.380208,-14,24,0
1646086355.38146,-19,24,0
1646086355.383989,-20,24,0
1646086355.385204,-23,24,0
1646086355.387672,-26,24,0
1646086355.388952,-25,24,0
1646086355.391447,-17,24,0
1646086355.393932,-9,24,0
1646086355.395214,-9,24,0
1646086355.396461,-4,24,0
1646086355.398894,5,24,0
1646086355.401443,5,24,0
1646086355.402664,1,24,0
1646086355.405196,1,24,0
1646086355.4064798,3,24,0
1646086355.4088588,6,24,0
1646086355.411503,8,24,0
1646086355.412693,10,24,0
1646086355.415205,13,24,0
1646086355.41647,22,24,0
1646086355.418859,32,24,0
1646086355.420162,29,24,0
1646086355.4227352,26,24,0
1646086355.425199,23,24,0
1646086355.426461,18,24,0
1646086355.427711,11,24,0
1646086355.430207,11,24,0
1646086355.43277,9,24,0
1646086355.433922,4,24,0
1646086355.436467,2,24,0
1646086355.4377222,2,24,0
1646086355.440178,2,24,0
1646086355.442772,3,24,0
1646086355.4438899,3,24,0
1646086355.446582,1,24,0
1646086355.447685,1,24,0
1646086355.450207,1,24,0
1646086355.451458,-7,24,0
1646086355.455252,-18,24,0
1646086355.456437,-17,24,0
1646086355.457669,-6,24,0
1646086355.525289,1,24,0
1646086355.526421,3,24,0
1646086355.544002,2,24,0
1646086355.547571,2,24,0
1646086355.55324,5,24,0
1646086355.553314,8,24,0
1646086355.5533812,19,24,0
1646086355.553445,26,24,0
1646086355.5535092,22,24,0
1646086355.553684,17,24,0
1646086355.553758,19,24,0
1646086355.553824,24,24,0
1646086355.553887,19,24,0
1646086355.5539498,16,24,0
1646086355.554013,21,24,0
1646086355.554077,32,24,0
1646086355.5541399,34,24,0
1646086355.5542028,26,24,0
1646086355.5542662,23,24,0
1646086355.5543292,20,24,0
1646086355.554399,17,24,0
1646086355.554462,9,24,0
1646086355.554525,6,24,0
1646086355.5545878,9,24,0
1646086355.55465,18,24,0
1646086355.554713,21,24,0
1646086355.554867,18,24,0
1646086355.554966,9,24,0
1646086355.5550332,5,24,0
1646086355.555098,3,24,0
1646086355.555161,4,24,0
1646086355.5552251,4,24,0
1646086355.555288,4,24,0
1646086355.555351,4,24,0
1646086355.5554152,1,24,0
1646086355.555479,-7,24,0
1646086355.555543,-13,24,0
1646086355.5556061,-14,24,0
1646086355.55567,-12,24,0
1646086355.555733,-12,24,0
1646086355.555797,-18,24,0
1646086355.555861,-22,24,0
1646086355.555924,-23,24,0
1646086355.555987,-19,24,0
1646086355.556216,-10,24,0
1646086355.556329,-5,24,0
1646086355.5563982,-3,24,0
1646086355.556463,-9,24,0
1646086355.5577269,-17,24,0
1646086355.55895,-12,24,0
1646086355.5590231,-4,24,0
1646086355.561457,2,24,0
1646086355.5627258,7,24,0
1646086355.563923,12,24,0
1646086355.565063,18,24,0
1646086355.5675788,16,24,0
1646086355.568898,17,24,0
1646086355.571462,25,24,0
1646086355.572725,28,24,0
1646086355.575171,22,24,0
1646086355.577726,16,24,0
1646086355.578934,17,24,0
1646086355.5802062,20,24,0
1646086355.5826612,17,24,0
1646086355.585204,12,24,0
1646086355.5863,20,24,0
1646086355.588921,27,24,0
1646086355.590209,27,24,0
1646086355.5927,20,24,0
1646086355.5939279,12,24,0
1646086355.596492,11,24,0
1646086355.598937,18,24,0
1646086355.600169,24,24,0
1646086355.602747,28,24,0
1646086355.605171,32,24,0
1646086355.6064498,34,24,0
1646086355.6077728,37,24,0
1646086355.610048,39,24,0
1646086355.612705,39,24,0
1646086355.61393,37,24,0
1646086355.6164658,38,24,0
1646086355.617714,41,24,0
1646086355.620204,48,24,0
1646086355.621471,56,24,0
1646086355.623958,55,24,0
1646086355.625252,48,24,0
1646086355.627699,45,24,0
1646086355.630176,51,24,0
1646086355.631475,58,24,0
1646086355.6339269,68,24,0
1646086355.635204,69,24,0
1646086355.6376479,69,24,0
1646086355.6389298,70,24,0
1646086355.641458,69,24,0
1646086355.643911,68,24,0
1646086355.6451688,75,24,0
1646086355.647764,83,24,0
1646086355.6489,76,24,0
1646086355.6514602,64,24,0
1646086355.652664,64,24,0
1646086355.655218,76,24,0
1646086355.656469,88,24,0
1646086355.6589499,86,24,0
1646086355.6614559,76,24,0
1646086355.662697,67,24,0
1646086355.665241,58,24,0
1646086355.666441,54,24,0
1646086355.668936,55,24,0
1646086355.6702049,65,24,0
1646086355.672713,71,24,0
1646086355.675168,71,24,0
1646086355.676547,69,24,0
1646086355.677661,73,24,0
1646086355.6827059,77,24,0
1646086355.6839302,73,24,0
1646086355.6864462,59,24,0
1646086355.687714,55,24,0
1646086355.6888351,66,24,0
1646086355.69017,74,24,0
1646086355.692752,75,24,0
1646086355.693894,72,24,0
1646086355.696513,68,24,0
1646086355.698933,66,24,0
1646086355.7001688,60,24,0
1646086355.701455,55,24,0
1646086355.703892,54,24,0
1646086355.705187,51,24,0
1646086355.707767,45,24,0
1646086355.710214,49,24,0
1646086355.711385,52,24,0
1646086355.71393,53,24,0
1646086355.715203,55,24,0
1646086355.717715,52,24,0
1646086355.718915,42,24,0
1646086355.721476,38,24,0
1646086355.7227259,36,24,0
1646086355.7252312,38,24,0
1646086355.728346,45,24,0
1646086355.729096,45,24,0
1646086355.731404,43,24,0
1646086355.732446,44,24,0
1646086355.735141,41,24,0
1646086355.7376199,37,24,0
1646086355.738889,26,24,0
1646086355.740213,22,24,0
1646086355.742631,26,24,0
1646086355.745108,26,24,0
1646086355.7464042,24,24,0
1646086355.7489011,23,24,0
1646086355.756363,26,8,0
1646086355.757623,34,8,0
1646086355.815352,38,8,0
1646086355.816363,35,8,0
1646086355.817687,24,8,0
1646086355.8187652,18,8,0
1646086355.8243499,20,8,0
1646086355.824424,29,8,0
1646086355.82449,38,8,0
1646086355.824555,37,8,0
1646086355.824619,29,8,0
1646086355.824683,25,8,0
1646086355.824756,27,8,0
1646086355.824935,32,8,0
1646086355.825006,28,8,0
1646086355.825072,28,8,0
1646086355.825137,32,8,0
1646086355.8252008,36,8,0
1646086355.825265,41,8,0
1646086355.825328,44,8,0
1646086355.8253922,48,8,0
1646086355.8254561,49,8,0
1646086355.825519,52,8,0
1646086355.8255832,53,8,0
1646086355.8256462,52,8,0
1646086355.825709,43,8,0
1646086355.825772,35,8,0
1646086355.825835,33,8,0
1646086355.8258991,35,8,0
1646086355.825962,33,8,0
1646086355.826025,33,8,0
1646086355.8262022,38,8,0
1646086355.826273,39,8,0
1646086355.826339,40,8,0
1646086355.826404,49,8,0
1646086355.826468,56,8,0
1646086355.8265321,56,8,0
1646086355.8265972,53,8,0
1646086355.82777,45,8,0
1646086355.8288078,37,8,0
1646086355.830208,39,8,0
1646086355.832714,53,8,0
1646086355.833935,60,8,0
1646086355.8351731,56,8,0
1646086355.836473,44,8,0
1646086355.838919,38,8,0
1646086355.840203,38,8,0
1646086355.842674,42,8,0
1646086355.843932,42,8,0
1646086355.846555,40,8,0
1646086355.848901,35,8,0
1646086355.850261,29,8,0
1646086355.8526878,32,8,0
1646086355.853933,41,8,0
1646086355.856478,54,8,0
1646086355.857719,59,8,0
1646086355.860141,54,8,0
1646086355.8639512,43,8,0
1646086355.865207,36,8,0
1646086355.866533,25,8,0
1646086355.868899,21,8,0
1646086355.87021,32,8,0
1646086355.8715289,44,8,0
1646086355.873882,45,8,0
1646086355.875207,40,8,0
1646086355.877683,41,8,0
1646086355.8788888,45,8,0
1646086355.88148,41,8,0
1646086355.88392,36,8,0
1646086355.885205,36,8,0
1646086355.88769,36,8,0
1646086355.888957,34,8,0
1646086355.891424,28,8,0
1646086355.893823,23,8,0
1646086355.895315,25,8,0
1646086355.896605,35,8,0
1646086355.898958,44,8,0
1646086355.901459,44,8,0
1646086355.903966,42,8,0
1646086355.905167,48,8,0
1646086355.906465,50,8,0
1646086355.908937,51,8,0
1646086355.911475,44,8,0
1646086355.913887,37,8,0
1646086355.915085,35,8,0
1646086355.916489,32,8,0
1646086355.918936,24,8,0
1646086355.921482,19,8,0
1646086355.9226959,20,8,0
1646086355.923997,27,8,0
1646086355.926448,34,8,0
1646086355.928948,35,8,0
1646086355.930209,39,8,0
1646086355.932727,44,8,0
1646086355.9338849,41,8,0
1646086355.936467,33,8,0
1646086355.937699,28,8,0
1646086355.940202,32,8,0
1646086355.942677,33,8,0
1646086355.9439209,33,8,0
1646086355.9476638,27,8,0
1646086355.948906,21,8,0
1646086355.950212,18,8,0
1646086355.952696,19,8,0
1646086355.95391,22,8,0
1646086355.9716969,22,8,0
1646086355.972664,18,8,0
1646086355.975213,11,8,0
1646086355.9765499,11,8,0
1646086355.976622,8,8,0
1646086355.9766881,1,8,0
1646086355.976754,-3,8,0
1646086355.976819,0,8,0
1646086355.976882,4,8,0
1646086355.9769459,2,8,0
1646086355.977011,-2,8,0
1646086355.977667,1,8,0
1646086355.978899,10,8,0
1646086355.982636,9,8,0
1646086355.983857,-5,8,0
1646086355.985208,-25,8,0
